{
	"I_grade": [
		0.0,
		0.1,
		0.13333333333333333,
		0.17391304347826086,
		0.2777777777777778
	],
	"E_grade": [
		0.25,
		0.4,
		0.4888888888888889,
		0.5714285714285714,
		0.8148148148148148
	],
	"N_grade": [
		0.08333333333333333,
		0.1935483870967742,
		0.25,
		0.3137254901960784,
		0.5
	],
	"S_grade": [
		0.0,
		0.11764705882352941,
		0.16,
		0.2,
		0.3235854341736696
	],
	"F_grade": [
		0.0,
		0.09090909090909091,
		0.12121212121212122,
		0.15384615384615385,
		0.25
	],
	"T_grade": [
		0.0,
		0.125,
		0.16666666666666666,
		0.21052631578947367,
		0.35166931637519916
	],
	"P_grade": [
		0.0,
		0.05714285714285714,
		0.09523809523809523,
		0.12903225806451613,
		0.23744955609362411
	],
	"J_grade": [
		0.2857142857142857,
		0.48,
		0.5797101449275363,
		0.6818181818181818,
		0.9565217391304348
	]
}